#,Domain,Count,Percentage,IAB Content Taxonomy,Tier 1,Tier 2,Tier 3
1,wp.com,38962801,0.03063827,/Internet & Telecom/Web Services/Web Design & Development,Internet & Telecom,Web Services,Web Design & Development
2,pinimg.com,33342366,0.02621866,/Home & Garden/Home & Interior Decor,Home & Garden,Home & Interior Decor,
3,cloudfront.net,24747531,0.019460139,/Internet & Telecom/Mobile & Wireless/Mobile Apps & Add-Ons,Internet & Telecom,Mobile & Wireless,Mobile Apps & Add-Ons
4,ebayimg.com,23976613,0.01885393,/Shopping,Shopping,,
5,ssl-images-amazon.com,16812595,0.01322053,,,,
6,amazonaws.com,14746203,0.011595628,/Internet & Telecom/Web Services,Internet & Telecom,Web Services,
7,wordpress.com,13255529,0.010423441,/Internet & Telecom/Web Services/Web Design & Development,Internet & Telecom,Web Services,Web Design & Development
8,wixstatic.com,12850610,0.010105035,,,,
9,ebaystatic.com,12312600,0.009681973,/Arts & Entertainment,Arts & Entertainment,,
10,ytimg.com,11688387,0.0091911244,,,,
11,dreamstime.com,11277163,0.0088677603,/Arts & Entertainment/Online Media/Online Image Galleries,Arts & Entertainment,Online Media,Online Image Galleries
12,alicdn.com,10989449,0.0086415166,,,,
13,picclickimg.com,9852386,0.0077473915,/Shopping/Auctions,Shopping,Auctions,
14,redbubble.net,8901344,0.006999543,,,,
15,fineartamerica.com,8800605,0.006920327,/Arts & Entertainment/Visual Art & Design,Arts & Entertainment,Visual Art & Design,
16,gstatic.com,8751716,0.006881883,,,,
17,blogspot.com,8221790,0.0064651775,/Online Communities,Online Communities,,
18,bing.net,8094267,0.0063649,,,,
19,squarespace-cdn.com,8044826,0.006326023,,,,
20,scribdassets.com,7616454,0.0059891737,/Books & Literature/E-Books,Books & Literature,E-Books,
21,media-amazon.com,7584419,0.005963983,,,,
22,bigcommerce.com,6905662,0.005430244,/Business & Industrial/Business Services/E-Commerce Services,Business & Industrial,Business Services,E-Commerce Services
23,specsserver.com,6699058,0.005267782,,,,
24,etsystatic.com,6557317,0.0051563245,,,,
25,cpcache.com,6175770,0.0048562965,,,,
26,googleusercontent.com,6004930,0.0047219568,/Internet & Telecom,Internet & Telecom,,
27,smugmug.com,5880093,0.0046237916,/Hobbies & Leisure,Hobbies & Leisure,,
28,prom.st,5525995,0.0043453482,,,,
29,tripadvisor.com,4831828,0.003799492,/Travel,Travel,,
30,zcache.com,4721041,0.003712375,,,,
31,nocookie.net,4515237,0.0035505417,/Online Communities,Online Communities,,
32,webshopapp.com,4301500,0.0033824706,/Shopping,Shopping,,
33,s6img.com,4271736,0.0033590657,,,,
34,deviantart.net,3934942,0.0030942288,/Arts & Entertainment/Visual Art & Design,Arts & Entertainment,Visual Art & Design,
35,123rf.com,3780377,0.002972687,/Arts & Entertainment/Online Media/Online Image Galleries,Arts & Entertainment,Online Media,Online Image Galleries
36,cloudinary.com,3669374,0.0028854,/Arts & Entertainment/Online Media,Arts & Entertainment,Online Media,
37,photoshelter.com,3635988,0.0028591472,/Arts & Entertainment/Visual Art & Design/Photographic & Digital Arts,Arts & Entertainment,Visual Art & Design,Photographic & Digital Arts
38,fastly.net,3595517,0.002827323,/Computers & Electronics/Computer Security,Computers & Electronics,Computer Security,
39,yimg.com,3442302,0.0027068427,/Finance/Accounting & Auditing/Tax Preparation & Planning,Finance,Accounting & Auditing,Tax Preparation & Planning
40,scene7.com,3422788,0.002691498,/Business & Industrial/Business Services,Business & Industrial,Business Services,
41,shutterstock.com,3388596,0.0026646113,/Shopping/Photo & Video Services,Shopping,Photo & Video Services,
42,vectorstock.com,3327180,0.002616317,/Arts & Entertainment/Online Media/Online Image Galleries,Arts & Entertainment,Online Media,Online Image Galleries
43,shopstyle-cdn.com,3261973,0.0025650418,/Computers & Electronics,Computers & Electronics,,
44,mlstatic.com,3231208,0.0025408497,,,,
45,googleapis.com,3153797,0.0024799779,/Reference/Geographic Reference/Maps,Reference,Geographic Reference,Maps
46,flickr.com,3028795,0.0023816828,/Online Communities,Online Communities,,
47,akamaized.net,2980321,0.0023435657,/Computers & Electronics/Computer Hardware,Computers & Electronics,Computer Hardware,
48,made-in-china.com,2964614,0.0023312145,/Business & Industrial,Business & Industrial,,
49,bigstockphoto.com,2939670,0.0023115999,/Shopping/Photo & Video Services,Shopping,Photo & Video Services,
50,imgix.net,2916605,0.0022934626,/Arts & Entertainment,Arts & Entertainment,,
51,slideserve.com,2713969,0.0021341206,/Computers & Electronics/Software/Business & Productivity Software,Computers & Electronics,Software,Business & Productivity Software
52,wikimedia.org,2663604,0.0020945163,/People & Society/Social Issues & Advocacy,People & Society,Social Issues & Advocacy,
53,ftcdn.net,2645737,0.0020804666,,,,
54,bstatic.com,2589093,0.0020359246,/Travel/Hotels & Accommodations,Travel,Hotels & Accommodations,
55,shoplightspeed.com,2543168,0.0019998117,/Sports/Individual Sports/Cycling,Sports,Individual Sports,Cycling
56,teacherspayteachers.com,2434056,0.0019140118,/Jobs & Education/Education/Teaching & Classroom Resources,Jobs & Education,Education,Teaching & Classroom Resources
57,highwebmedia.com,2417273,0.0019008148,/Adult,Adult,,
58,canstockphoto.com,2321883,0.001825805,/Business & Industrial/Business Services,Business & Industrial,Business Services,
59,ztat.net,2304716,0.0018123059,,,,
60,freepik.com,2300815,0.0018092383,/Arts & Entertainment/Online Media/Online Image Galleries,Arts & Entertainment,Online Media,Online Image Galleries
61,netdna-ssl.com,2287692,0.001798919,/Health/Health Conditions/Infectious Diseases,Health,Health Conditions,Infectious Diseases
62,motorsport.com,2211440,0.0017389585,/Sports/Motor Sports,Sports,Motor Sports,
63,staticflickr.com,2207683,0.0017360042,,,,
64,whicdn.com,2183080,0.0017166577,,,,
65,wixmp.com,2155836,0.0016952346,,,,
66,azureedge.net,2142067,0.0016844073,/Health/Nutrition,Health,Nutrition,
67,images-amazon.com,2131706,0.0016762601,,,,
68,slideplayer.com,2033891,0.0015993434,/Computers & Electronics/Software/Business & Productivity Software,Computers & Electronics,Software,Business & Productivity Software
69,mzstatic.com,2007469,0.0015785666,/Computers & Electronics/Consumer Electronics,Computers & Electronics,Consumer Electronics,
70,delcampe.net,1877759,0.0014765696,/Shopping/Antiques & Collectibles,Shopping,Antiques & Collectibles,
71,dhresource.com,1844368,0.0014503127,,,,
72,windows.net,1842896,0.0014491552,/Computers & Electronics/Software,Computers & Electronics,Software,
73,homefinder.com,1789988,0.0014075512,/Real Estate/Real Estate Listings/Residential Sales,Real Estate,Real Estate Listings,Residential Sales
74,youtube.com,1705480,0.0013410985,/Arts & Entertainment/TV & Video/Online Video,Arts & Entertainment,TV & Video,Online Video
75,karousell.com,1680438,0.001321407,,,,
76,userapi.com,1661472,0.0013064931,/Online Communities/Social Networks,Online Communities,Social Networks,
77,ggpht.com,1659370,0.0013048401,,,,
78,hipcast.com,1646567,0.0012947725,/Arts & Entertainment/Music & Audio/Radio,Arts & Entertainment,Music & Audio,Radio
79,secureservercdn.net,1636277,0.001286681,/Internet & Telecom/Web Services,Internet & Telecom,Web Services,
80,istockphoto.com,1634927,0.0012856194,/Arts & Entertainment/Online Media/Online Image Galleries,Arts & Entertainment,Online Media,Online Image Galleries
81,shopify.com,1616052,0.0012707771,/Computers & Electronics/Enterprise Technology,Computers & Electronics,Enterprise Technology,
82,zcache.co.uk,1569599,0.00123424895,,,,
83,sparkplatform.com,1564538,0.0012302693,/Real Estate,Real Estate,,
84,lystit.com,1552602,0.0012208834,/Shopping/Apparel/Women's Clothing,Shopping,Apparel,Women's Clothing
85,gettyimages.com,1537848,0.00120928176,/Shopping/Photo & Video Services,Shopping,Photo & Video Services,
86,google.com,1531250,0.0012040933,/Internet & Telecom,Internet & Telecom,,
87,wanelo.com,1517699,0.0011934376,,,,
88,aliimg.com,1514464,0.0011908938,/Computers & Electronics,Computers & Electronics,,
89,tcdn.com.br,1483134,0.00116625756,,,,
90,keepcalms.com,1481659,0.0011650977,/Arts & Entertainment,Arts & Entertainment,,
91,slidesharecdn.com,1461256,0.0011490538,,,,
92,muscache.com,1442064,0.0011339623,,,,
93,depositphotos.com,1423219,0.0011191436,/Arts & Entertainment/Online Media/Online Image Galleries,Arts & Entertainment,Online Media,Online Image Galleries
94,artprintimages.com,1397129,0.0010986278,,,,
95,motor1.com,1377375,0.00108309425,/Autos & Vehicles/Motor Vehicles (By Type),Autos & Vehicles,Motor Vehicles (By Type),
96,spreadshirtmedia.net,1363243,0.00107198164,,,,
97,jimcdn.com,1344751,0.0010574406,,,,
98,tradesy.com,1332987,0.0010481899,/Shopping/Apparel/Clothing Accessories,Shopping,Apparel,Clothing Accessories
99,autorevo.com,1296555,0.0010195418,/Autos & Vehicles/Vehicle Shopping,Autos & Vehicles,Vehicle Shopping,
100,b-static.com,1251130,0.0009838219,,,,
101,nordstrommedia.com,1217377,0.0009572804,,,,
102,zcache.com.au,1216252,0.0009563958,/Internet & Telecom/Web Services,Internet & Telecom,Web Services,
103,ostkcdn.com,1215061,0.0009554592,/Shopping,Shopping,,
104,zcache.ca,1198889,0.0009427424,,,,
105,leaddelivery.net,1193677,0.00093864396,,,,
106,myrealpage.com,1120840,0.0008813688,/Real Estate/Real Estate Services,Real Estate,Real Estate Services,
107,zooverresources.com,1095816,0.0008616913,,,,
108,bukalapak.com,1091589,0.0008583674,/Shopping/Apparel,Shopping,Apparel,
109,rightmove.co.uk,1085139,0.0008532955,/Real Estate/Real Estate Listings,Real Estate,Real Estate Listings,
110,awsli.com.br,1084010,0.00085240774,,,,
111,myshoptet.com,1076175,0.0008462466,/Business & Industrial,Business & Industrial,,
112,abebooks.com,1026707,0.0008073477,/Books & Literature,Books & Literature,,
113,winudf.com,1025813,0.0008066447,,,,
114,ecrater.com,1007862,0.000792529,/Shopping,Shopping,,
115,fruugo.com,999532,0.00078597866,/Shopping,Shopping,,
116,vteximg.com.br,989691,0.0007782403,/Arts & Entertainment/Music & Audio,Arts & Entertainment,Music & Audio,
117,stackpathcdn.com,985789,0.0007751719,/Health/Medical Facilities & Services/Hospitals & Treatment Centers,Health,Medical Facilities & Services,Hospitals & Treatment Centers
118,liveauctioneers.com,975969,0.00076745,/Shopping/Auctions,Shopping,Auctions,
119,brandear.jp,965506,0.0007592225,/Shopping/Apparel,Shopping,Apparel,
120,shopmania.org,961535,0.0007560999,,,,
121,yumpu.com,956181,0.0007518898,/Books & Literature,Books & Literature,,
122,pond5.com,943058,0.0007415705,/Arts & Entertainment/Online Media/Online Image Galleries,Arts & Entertainment,Online Media,Online Image Galleries
123,letgo.com,940834,0.0007398217,/Shopping,Shopping,,
124,fc2.com,930691,0.0007318458,/Internet & Telecom/Web Services,Internet & Telecom,Web Services,
125,todocoleccion.online,917351,0.000721356,/Shopping/Antiques & Collectibles,Shopping,Antiques & Collectibles,
126,europa.eu,910081,0.0007156392,/Law & Government/Government,Law & Government,Government,
127,alamy.com,905213,0.00071181126,/Arts & Entertainment/Online Media/Online Image Galleries,Arts & Entertainment,Online Media,Online Image Galleries
128,gr-assets.com,902620,0.00070977226,,,,
129,evbuc.com,890865,0.0007005288,/Arts & Entertainment/Events & Listings,Arts & Entertainment,Events & Listings,
130,nuji.com,878936,0.0006911485,/Beauty & Fitness/Fashion & Style/Fashion Designers & Collections,Beauty & Fitness,Fashion & Style,Fashion Designers & Collections
131,r10s.jp,874510,0.000687668,/Arts & Entertainment,Arts & Entertainment,,
132,msecnd.net,863456,0.0006789758,/Shopping/Apparel/Clothing Accessories,Shopping,Apparel,Clothing Accessories
133,wwu.edu,859955,0.0006762228,/Jobs & Education/Education/Colleges & Universities,Jobs & Education,Education,Colleges & Universities
134,st-hatena.com,857403,0.000674216,,,,
135,insales.ru,852358,0.00067024894,/Arts & Entertainment/Online Media,Arts & Entertainment,Online Media,
136,over-blog.com,840517,0.0006609378,/Sports/Team Sports/Basketball,Sports,Team Sports,Basketball
137,spreadshirtmedia.com,833167,0.00065515816,,,,
138,hotelsclick.com,820847,0.0006454703,/Travel/Hotels & Accommodations,Travel,Hotels & Accommodations,
139,behance.net,807197,0.0006347367,/Hobbies & Leisure,Hobbies & Leisure,,
140,tokopedia.net,787919,0.00061957754,,,,
141,vecteezy.com,763395,0.00060029317,/Online Communities/Online Goodies/Clip Art & Animated GIFs,Online Communities,Online Goodies,Clip Art & Animated GIFs
142,yimg.jp,760958,0.0005983768,/Computers & Electronics/Computer Hardware,Computers & Electronics,Computer Hardware,
143,dribbble.com,759118,0.00059692994,/Arts & Entertainment/Visual Art & Design/Design,Arts & Entertainment,Visual Art & Design,Design
144,1stdibscdn.com,757222,0.00059543904,,,,
145,olxcdn.com,757076,0.0005953242,,,,
146,wnlimg.com,755641,0.0005941958,,,,
147,akamaihd.net,750391,0.00059006747,/Pets & Animals/Pets,Pets & Animals,Pets,
148,imimg.com,739613,0.00058159225,,,,
149,dealersolutions.com.au,736958,0.0005795045,/Autos & Vehicles/Vehicle Parts & Services,Autos & Vehicles,Vehicle Parts & Services,
150,bonanzastatic.com,735830,0.0005786175,,,,
151,kelkoo.com,723812,0.0005691672,/Shopping,Shopping,,
152,shoprenter.hu,722947,0.00056848697,/Internet & Telecom/Web Services/Domain Parking,Internet & Telecom,Web Services,Domain Parking
153,carsforsale.com,717155,0.00056393247,/Autos & Vehicles/Vehicle Shopping/Used Vehicles,Autos & Vehicles,Vehicle Shopping,Used Vehicles
154,canalblog.com,714721,0.0005620185,/Online Communities,Online Communities,,
155,sndcdn.com,703861,0.0005534788,/Arts & Entertainment/Music & Audio/Dance & Electronic Music,Arts & Entertainment,Music & Audio,Dance & Electronic Music
156,threadless.com,691147,0.00054348115,/Shopping/Apparel/Casual Apparel,Shopping,Apparel,Casual Apparel
157,4sqi.net,680076,0.00053477556,,,,
158,eyeem.com,675850,0.0005314524,/Shopping/Photo & Video Services,Shopping,Photo & Video Services,
159,stockfresh.com,673991,0.0005299906,/Arts & Entertainment/Online Media/Online Image Galleries,Arts & Entertainment,Online Media,Online Image Galleries
160,dealsanimg.com,669222,0.0005262405,/Shopping/Consumer Resources,Shopping,Consumer Resources,
161,walmartimages.com,665176,0.00052305892,,,,
162,detik.net.id,654102,0.00051435094,/Arts & Entertainment,Arts & Entertainment,,
163,tistatic.com,652916,0.00051341835,/Computers & Electronics/Computer Hardware,Computers & Electronics,Computer Hardware,
164,olx.com.br,644353,0.0005066849,/Shopping/Classifieds,Shopping,Classifieds,
165,allpostersimages.com,642685,0.0005053732,,,,
166,classiccars.com,640046,0.0005032981,/Autos & Vehicles/Classic Vehicles,Autos & Vehicles,Classic Vehicles,
167,bosscdn.com,629771,0.00049521834,/Business & Industrial,Business & Industrial,,
168,plentymarkets.com,622185,0.00048925314,/Computers & Electronics/Enterprise Technology,Computers & Electronics,Enterprise Technology,
169,kxcdn.com,615830,0.0004842559,/Computers & Electronics,Computers & Electronics,,
170,gannett-cdn.com,610344,0.000479942,/Business & Industrial/Construction & Maintenance/Building Materials & Supplies,Business & Industrial,Construction & Maintenance,Building Materials & Supplies
171,slideplayer.info,604573,0.000475404,/Online Communities,Online Communities,,
172,yandex.ru,601597,0.0004730638,/Internet & Telecom,Internet & Telecom,,
173,twimg.com,599511,0.0004714235,/Pets & Animals/Pets/Dogs,Pets & Animals,Pets,Dogs
174,b-cdn.net,599102,0.0004711019,/Internet & Telecom/Web Services,Internet & Telecom,Web Services,
175,booklikes.com,593766,0.00046690594,/Books & Literature,Books & Literature,,
176,digitaloceanspaces.com,586397,0.00046111133,/Internet & Telecom/Web Services,Internet & Telecom,Web Services,
177,myonlinestore.eu,586347,0.00046107203,/People & Society,People & Society,,
178,mixcloud.com,583486,0.0004588223,/Computers & Electronics/Computer Hardware,Computers & Electronics,Computer Hardware,
179,servimg.com,583236,0.0004586257,/Arts & Entertainment/Online Media/Online Image Galleries,Arts & Entertainment,Online Media,Online Image Galleries
180,farfetch-contents.com,579518,0.00045570206,,,,
181,homify.com,577079,0.00045378417,/Home & Garden/Home & Interior Decor,Home & Garden,Home & Interior Decor,
182,marketleader.com,573745,0.0004511625,/Business & Industrial/Business Services,Business & Industrial,Business Services,
183,cdnmpro.com,571287,0.00044922963,,,,
184,over-blog-kiwi.com,553693,0.0004353947,/News,News,,
185,reastatic.net,552539,0.0004344872,,,,
186,slideplayer.com.br,551936,0.00043401305,/Computers & Electronics/Software,Computers & Electronics,Software,
187,weddingwire.com,546667,0.0004298698,/Hobbies & Leisure/Special Occasions/Weddings,Hobbies & Leisure,Special Occasions,Weddings
188,typepad.com,543631,0.00042748246,/Online Communities/Blogging Resources & Services,Online Communities,Blogging Resources & Services,
189,findagrave.com,541378,0.00042571083,/Sensitive Subjects,Sensitive Subjects,,
190,sw-cdn.net,541294,0.00042564474,,,,
191,infourok.ru,537274,0.00042248365,/Jobs & Education/Education/Training & Certification,Jobs & Education,Education,Training & Certification
192,dmcdn.net,532584,0.0004187957,/Computers & Electronics/Software/Operating Systems,Computers & Electronics,Software,Operating Systems
193,deanscards.com,531335,0.0004178135,/Sports/Sporting Goods/Sports Memorabilia,Sports,Sporting Goods,Sports Memorabilia
194,mecum.com,530634,0.00041726228,/Shopping/Auctions,Shopping,Auctions,
195,love.ru,529059,0.0004160238,/Arts & Entertainment,Arts & Entertainment,,
196,iconfinder.com,526068,0.00041367184,/Online Communities/Online Goodies/Clip Art & Animated GIFs,Online Communities,Online Goodies,Clip Art & Animated GIFs
197,zillowpress.com,525038,0.0004128619,,,,
198,slideplayer.es,524851,0.00041271485,/Computers & Electronics/Software/Business & Productivity Software,Computers & Electronics,Software,Business & Productivity Software
199,society6.com,516044,0.0004057895,/Home & Garden/Home & Interior Decor,Home & Garden,Home & Interior Decor,
200,slatic.net,511923,0.00040254895,,,,
201,pbase.com,511844,0.00040248685,/Online Communities,Online Communities,,
202,rubylane.com,510605,0.00040151257,/Shopping/Antiques & Collectibles,Shopping,Antiques & Collectibles,
203,s-bol.com,507913,0.0003993957,,,,
204,marketplus.cloud,504064,0.00039636906,,,,
205,okr.ro,500899,0.00039388027,,,,
206,tmdb.org,500312,0.00039341867,/Arts & Entertainment/Movies,Arts & Entertainment,Movies,
207,zoocdn.com,500171,0.00039330784,,,,
208,cowcow.com,498710,0.00039215896,/Shopping/Apparel,Shopping,Apparel,
209,def-shop.com,496922,0.00039075296,/Arts & Entertainment/Music & Audio/Urban & Hip-Hop,Arts & Entertainment,Music & Audio,Urban & Hip-Hop
210,gomagcdn.ro,495077,0.0003893022,,,,
211,pimg.tw,488754,0.0003843301,/Arts & Entertainment,Arts & Entertainment,,
212,slideplayer.org,488186,0.00038388345,/Computers & Electronics/Software/Business & Productivity Software,Computers & Electronics,Software,Business & Productivity Software
213,shop.UNKNOWN-SUFFIX,483792,0.00038042825,,,,
214,offerup.com,481239,0.0003784207,/Shopping,Shopping,,
215,youla.io,476542,0.00037472725,/Arts & Entertainment,Arts & Entertainment,,
216,rightinthebox.com,473710,0.0003725003,,,,
217,bookcdn.com,473006,0.00037194673,,,,
218,wattpad.com,467774,0.00036783256,/Books & Literature/E-Books,Books & Literature,E-Books,
219,auto-motor-und-sport.de,457358,0.000359642,/Autos & Vehicles,Autos & Vehicles,,
220,mfcdn.de,449530,0.00035348643,/Shopping/Apparel,Shopping,Apparel,
221,ekm.net,448557,0.00035272133,/Business & Industrial/Business Services/E-Commerce Services,Business & Industrial,Business Services,E-Commerce Services
222,speakerdeck.com,448303,0.0003525216,/Computers & Electronics/Software/Business & Productivity Software,Computers & Electronics,Software,Business & Productivity Software
223,fishpond.co.nz,447318,0.00035174705,/Shopping,Shopping,,
224,ninemanga.com,443342,0.00034862053,/Arts & Entertainment/Comics & Animation/Anime & Manga,Arts & Entertainment,Comics & Animation,Anime & Manga
225,sm360.ca,442389,0.00034787115,/Business & Industrial,Business & Industrial,,
226,turbosquid.com,441595,0.00034724675,/Arts & Entertainment/Visual Art & Design,Arts & Entertainment,Visual Art & Design,
227,weva.pro,439417,0.00034553412,/Business & Industrial/Business Services,Business & Industrial,Business Services,
228,thredup.com,436071,0.000342903,/Shopping/Apparel,Shopping,Apparel,
229,rakuten.co.jp,433782,0.00034110304,/Online Communities/Blogging Resources & Services,Online Communities,Blogging Resources & Services,
230,ymcart.com,431931,0.00033964753,/Shopping/Apparel/Undergarments,Shopping,Apparel,Undergarments
231,optimole.com,430213,0.0003382966,/Arts & Entertainment/Online Media/Online Image Galleries,Arts & Entertainment,Online Media,Online Image Galleries
232,bbci.co.uk,429469,0.00033771154,/News,News,,
233,meredithcorp.io,428306,0.000336797,/Games/Computer & Video Games,Games,Computer & Video Games,
234,sarenza.net,428065,0.0003366075,,,,
235,dealer.com,427269,0.0003359816,/Business & Industrial/Business Services,Business & Industrial,Business Services,
236,shopittome.com,421919,0.0003317746,/Shopping/Apparel,Shopping,Apparel,
237,listhub.net,421606,0.0003315285,/Real Estate/Real Estate Services,Real Estate,Real Estate Services,
238,rhapsody.com,419483,0.0003298591,/Arts & Entertainment/Music & Audio/Music Streams & Downloads,Arts & Entertainment,Music & Audio,Music Streams & Downloads
239,hzcdn.com,417987,0.0003286827,/Arts & Entertainment/Visual Art & Design/Design,Arts & Entertainment,Visual Art & Design,Design
240,mncdn.com,417411,0.00032822978,,,,
241,wfcdn.com,412171,0.0003241093,,,,
242,popsugar-assets.com,410070,0.0003224572,,,,
243,shortpixel.ai,407205,0.0003202043,/Arts & Entertainment/Visual Art & Design/Photographic & Digital Arts,Arts & Entertainment,Visual Art & Design,Photographic & Digital Arts
244,hepsiburada.net,403070,0.00031695276,,,,
245,nbxc.com,400945,0.00031528175,/Business & Industrial/Business Services,Business & Industrial,Business Services,
246,v12soft.com,400851,0.00031520788,/Autos & Vehicles/Vehicle Shopping,Autos & Vehicles,Vehicle Shopping,
247,vox-cdn.com,400505,0.00031493578,/Internet & Telecom/Web Services,Internet & Telecom,Web Services,
248,cdn-ds.com,399391,0.00031405978,,,,
249,satu.kz,397372,0.00031247217,/Shopping/Apparel,Shopping,Apparel,
250,syndetics.com,397009,0.00031218672,/Reference/Libraries & Museums,Reference,Libraries & Museums,
251,rglcdn.com,396296,0.00031162607,,,,
252,zadn.vn,392927,0.00030897686,,,,
253,propertiescdn.com,392416,0.00030857502,,,,
254,fbcdn.net,392296,0.00030848067,/Online Communities/Social Networks,Online Communities,Social Networks,
255,notino.com,390823,0.00030732239,/Beauty & Fitness/Face & Body Care/Perfumes & Fragrances,Beauty & Fitness,Face & Body Care,Perfumes & Fragrances
256,imagekit.io,389605,0.00030636461,/Online Communities/Photo & Video Sharing/Photo & Image Sharing,Online Communities,Photo & Video Sharing,Photo & Image Sharing
257,fanpop.com,389498,0.00030628048,/Arts & Entertainment,Arts & Entertainment,,
258,flixster.com,388919,0.00030582517,/Arts & Entertainment/Movies,Arts & Entertainment,Movies,
259,diesel.com,388625,0.00030559398,/Shopping/Apparel/Casual Apparel,Shopping,Apparel,Casual Apparel
260,wfrcdn.com,385733,0.00030331988,,,,
261,imageflux.jp,380287,0.00029903743,,,,
262,smushcdn.com,378046,0.00029727522,,,,
263,macysassets.com,374570,0.00029454188,,,,
264,drom.ru,371051,0.00029177472,/Autos & Vehicles/Vehicle Shopping,Autos & Vehicles,Vehicle Shopping,
265,realgeeks.media,369019,0.00029017689,,,,
266,all.biz,367065,0.00028864035,/Food & Drink/Restaurants,Food & Drink,Restaurants,
267,influenster.com,366962,0.00028855935,/Shopping/Consumer Resources,Shopping,Consumer Resources,
268,antaranews.com,364575,0.00028668236,/Arts & Entertainment/Music & Audio,Arts & Entertainment,Music & Audio,
269,popscreencdn.com,364022,0.00028624749,,,,
270,kohlsimg.com,363140,0.00028555395,,,,
271,maxpixel.net,360755,0.00028367849,/Arts & Entertainment/Online Media/Online Image Galleries,Arts & Entertainment,Online Media,Online Image Galleries
272,geograph.org.uk,357480,0.00028110322,/Reference/Language Resources,Reference,Language Resources,
273,townnews.com,357363,0.00028101122,/Business & Industrial,Business & Industrial,,
274,slideplayer.fr,354423,0.00027869936,/Health,Health,,
275,blogimg.jp,353938,0.00027831798,,,,
276,agoda.net,352683,0.00027733114,/Travel/Hotels & Accommodations,Travel,Hotels & Accommodations,
277,fatline.com.ua,352647,0.0002773028,/Shopping/Apparel/Casual Apparel,Shopping,Apparel,Casual Apparel
278,mediadecathlon.com,351161,0.0002761343,/Shopping,Shopping,,
279,neimanmarcus.com,349136,0.00027454194,/Beauty & Fitness/Fashion & Style/Fashion Designers & Collections,Beauty & Fitness,Fashion & Style,Fashion Designers & Collections
280,idigbio.org,346745,0.0002726618,/Science/Biological Sciences,Science,Biological Sciences,
281,mybestbrands.de,345517,0.00027169617,/Shopping/Apparel,Shopping,Apparel,
282,photozou.jp,345477,0.0002716647,/Arts & Entertainment/Online Media/Online Image Galleries,Arts & Entertainment,Online Media,Online Image Galleries
283,conrad.com,345350,0.00027156485,/Business & Industrial/Industrial Materials & Equipment,Business & Industrial,Industrial Materials & Equipment,
284,jumpseller.com,345163,0.00027141778,/Internet & Telecom/Web Services/Web Design & Development,Internet & Telecom,Web Services,Web Design & Development
285,netdna-cdn.com,343010,0.00026972478,/People & Society/Social Issues & Advocacy,People & Society,Social Issues & Advocacy,
286,drlcdn.com,342715,0.00026949279,,,,
287,fril.jp,342370,0.00026922151,/Computers & Electronics,Computers & Electronics,,
288,yandex.net,340517,0.0002677644,/Computers & Electronics/Software,Computers & Electronics,Software,
289,sputniknews.com,340362,0.00026764255,/News,News,,
290,slideplayer.it,340149,0.00026747506,/Computers & Electronics/Software/Business & Productivity Software,Computers & Electronics,Software,Business & Productivity Software
291,d2cmedia.ca,339712,0.0002671314,/Business & Industrial/Business Services,Business & Industrial,Business Services,
292,bbystatic.com,337593,0.00026546516,,,,
293,claz.org,335909,0.00026414093,/Shopping/Classifieds,Shopping,Classifieds,
294,grellyimg.com,334913,0.00026335774,,,,
295,wallapop.com,334469,0.0002630086,/Shopping/Classifieds,Shopping,Classifieds,
296,weyesimg.com,330406,0.00025981368,/Business & Industrial/Business Services,Business & Industrial,Business Services,
297,staticbg.com,329073,0.00025876548,,,,
298,feebee.com.tw,328761,0.00025852013,/Arts & Entertainment,Arts & Entertainment,,
299,ostrovok.ru,327031,0.00025715975,/Arts & Entertainment/Online Media,Arts & Entertainment,Online Media,
300,lookbuck.com,324709,0.00025533384,/Beauty & Fitness,Beauty & Fitness,,
301,skyrock.net,324156,0.000254899,/Online Communities/Social Networks,Online Communities,Social Networks,
302,cdn77.org,323659,0.0002545082,/Home & Garden/Domestic Services/Cleaning Services,Home & Garden,Domestic Services,Cleaning Services
303,cdn-hotels.com,321078,0.00025247864,,,,
304,autouncle.com,320492,0.00025201784,/Autos & Vehicles/Vehicle Shopping/Used Vehicles,Autos & Vehicles,Vehicle Shopping,Used Vehicles
305,bigcartel.com,319881,0.00025153736,/Shopping/Apparel,Shopping,Apparel,
306,buchzentrum.ch,319657,0.00025136122,,,,
307,ypcdn.com,316372,0.00024877809,,,,
308,mucca.co,315333,0.00024796106,/Reference/Language Resources,Reference,Language Resources,
309,diytrade.com,314251,0.00024711024,/Business & Industrial,Business & Industrial,,
310,prepsportswear.com,310370,0.00024405843,/Sports,Sports,,
311,iconscout.com,309753,0.00024357324,/Online Communities/Online Goodies/Clip Art & Animated GIFs,Online Communities,Online Goodies,Clip Art & Animated GIFs
312,myshared.ru,309228,0.00024316043,/Arts & Entertainment,Arts & Entertainment,,
313,finanzen100.de,308586,0.0002426556,/Autos & Vehicles,Autos & Vehicles,,
314,flixcart.com,305915,0.00024055526,,,,
315,dealer-cdn.com,305796,0.00024046168,,,,
316,icanvas.com,305282,0.00024005748,/Arts & Entertainment/Visual Art & Design,Arts & Entertainment,Visual Art & Design,
317,alumnius.net,304390,0.00023935607,/Jobs & Education/Education,Jobs & Education,Education,
318,dhstatics.com,304243,0.00023924049,,,,
319,onthemarket.com,304194,0.00023920195,/Real Estate/Real Estate Listings/Residential Sales,Real Estate,Real Estate Listings,Residential Sales
320,trvl-media.com,302668,0.00023800198,,,,
321,redcart.pl,302566,0.00023792177,/Business & Industrial/Business Services/E-Commerce Services,Business & Industrial,Business Services,E-Commerce Services
322,yellow.place,302395,0.00023778731,/Reference/Directories & Listings/Business & Personal Listings,Reference,Directories & Listings,Business & Personal Listings
323,mycdn.me,300285,0.00023612812,/Arts & Entertainment,Arts & Entertainment,,
324,thpservices.com,298471,0.00023470169,/Shopping/Photo & Video Services,Shopping,Photo & Video Services,
325,envatousercontent.com,297345,0.00023381626,,,,
326,productserve.com,296982,0.00023353083,/Business & Industrial/Business Services,Business & Industrial,Business Services,
327,catawiki.nl,295841,0.0002326336,/Shopping/Auctions,Shopping,Auctions,
328,feedbooks.net,291469,0.0002291957,,,,
329,nigeriapropertycentre.com,290674,0.00022857055,/Real Estate/Real Estate Listings,Real Estate,Real Estate Listings,
330,envato.com,289949,0.00022800043,/Business & Industrial,Business & Industrial,,
331,lnwfile.com,288274,0.0002266833,,,,
332,adis.ws,286951,0.00022564298,,,,
333,hearstapps.com,284879,0.00022401366,,,,
334,shop-pro.jp,284178,0.00022346243,/Business & Industrial,Business & Industrial,,
335,npcdn.net,283972,0.00022330046,,,,
336,farpost.ru,283880,0.0002232281,/Law & Government,Law & Government,,
337,cdn.tf,283464,0.00022290098,,,,
338,yelpcdn.com,281987,0.00022173956,,,,
339,fotocommunity.com,281801,0.00022159329,/Arts & Entertainment/Online Media/Online Image Galleries,Arts & Entertainment,Online Media,Online Image Galleries
340,32pt.com,281016,0.000220976,/Computers & Electronics/Computer Hardware,Computers & Electronics,Computer Hardware,
341,staples-3p.com,280964,0.00022093512,,,,
342,heritagestatic.com,278144,0.0002187176,,,,
343,riastatic.com,277595,0.00021828592,,,,
344,cyverse.org,274490,0.0002158443,/Science/Biological Sciences,Science,Biological Sciences,
345,olcsobbat.hu,274461,0.0002158215,/Shopping,Shopping,,
346,similarcdn.com,274172,0.00021559425,,,,
347,bmstatic.com,273887,0.00021537013,,,,
348,touristlink.com,272616,0.0002143707,/Travel,Travel,,
349,thedomainfo.com,270619,0.00021280035,/Internet & Telecom/Web Services,Internet & Telecom,Web Services,
350,ekladata.com,270476,0.0002126879,/Online Communities,Online Communities,,
351,2img.net,269817,0.0002121697,/Internet & Telecom,Internet & Telecom,,
352,dailymail.co.uk,268420,0.00021107119,/News,News,,
353,offtek.co.uk,267786,0.00021057265,/Computers & Electronics/Computer Hardware/Computer Drives & Storage,Computers & Electronics,Computer Hardware,Computer Drives & Storage
354,cloudimg.io,267547,0.0002103847,/Arts & Entertainment/Visual Art & Design/Photographic & Digital Arts,Arts & Entertainment,Visual Art & Design,Photographic & Digital Arts
355,seloger.com,266888,0.0002098665,/Real Estate/Real Estate Listings,Real Estate,Real Estate Listings,
356,clipground.com,265102,0.00020846209,/Online Communities/Online Goodies/Clip Art & Animated GIFs,Online Communities,Online Goodies,Clip Art & Animated GIFs
357,creativemarket.com,264031,0.0002076199,/Computers & Electronics/Software/Multimedia Software,Computers & Electronics,Software,Multimedia Software
358,cgtrader.com,263951,0.00020755699,/Science/Engineering & Technology,Science,Engineering & Technology,
359,hotellook.com,263478,0.00020718506,/Travel/Hotels & Accommodations,Travel,Hotels & Accommodations,
360,thcdn.com,262480,0.00020640027,/Arts & Entertainment,Arts & Entertainment,,
361,tstatic.net,262371,0.00020631457,/News,News,,
362,yoox.biz,259764,0.00020426456,/Beauty & Fitness/Fashion & Style/Fashion Designers & Collections,Beauty & Fitness,Fashion & Style,Fashion Designers & Collections
363,edgecastcdn.net,258012,0.00020288689,,,,
364,r9cdn.net,256465,0.00020167042,/Travel/Air Travel,Travel,Air Travel,
365,travelapi.com,255873,0.00020120488,,,,
366,cat5.com,253746,0.00019953232,/Business & Industrial,Business & Industrial,,
367,internetstores.de,253227,0.00019912422,/Sports/Individual Sports/Cycling,Sports,Individual Sports,Cycling
368,gestionaleauto.com,253093,0.00019901885,/Autos & Vehicles/Vehicle Shopping,Autos & Vehicles,Vehicle Shopping,
369,fkimg.com,252636,0.00019865949,/Travel/Hotels & Accommodations/Vacation Rentals & Short-Term Stays,Travel,Hotels & Accommodations,Vacation Rentals & Short-Term Stays
370,seesaa.net,252268,0.0001983701,/News,News,,
371,slideplayer.nl,251261,0.00019757826,/Computers & Electronics/Software/Business & Productivity Software,Computers & Electronics,Software,Business & Productivity Software
372,alibris-static.com,250729,0.00019715993,/Computers & Electronics/Computer Hardware,Computers & Electronics,Computer Hardware,
373,fotokto.ru,250617,0.00019707186,/Arts & Entertainment/Music & Audio,Arts & Entertainment,Music & Audio,
374,dealeraccelerate.com,250008,0.00019659298,/Autos & Vehicles,Autos & Vehicles,,
375,adlibris.com,249811,0.00019643806,/Books & Literature,Books & Literature,,
376,travelminit.com,249038,0.00019583022,/Travel/Hotels & Accommodations,Travel,Hotels & Accommodations,
377,edealer.ca,248625,0.00019550545,/Business & Industrial/Business Services,Business & Industrial,Business Services,
378,amcdn.co.za,248559,0.00019545356,,,,
379,ikea.com,248337,0.00019527897,/Home & Garden/Home Furnishings,Home & Garden,Home Furnishings,
380,fctables.com,248262,0.00019522002,/Sports/Team Sports/Soccer,Sports,Team Sports,Soccer
381,imgur.com,247570,0.00019467585,/Arts & Entertainment/Online Media/Online Image Galleries,Arts & Entertainment,Online Media,Online Image Galleries
382,cheatsheet.com,247313,0.00019447375,/News,News,,
383,fkcdn.com,246078,0.00019350262,,,,
384,homeaway.com,245515,0.00019305991,/Travel/Hotels & Accommodations/Vacation Rentals & Short-Term Stays,Travel,Hotels & Accommodations,Vacation Rentals & Short-Term Stays
385,rovicorp.com,244979,0.00019263843,/Computers & Electronics/Consumer Electronics/TV & Video Equipment,Computers & Electronics,Consumer Electronics,TV & Video Equipment
386,kfs.io,243699,0.0001916319,/Games/Computer & Video Games,Games,Computer & Video Games,
387,rocketcdn.me,242825,0.00019094463,/Arts & Entertainment,Arts & Entertainment,,
388,re-in.de,242094,0.00019036982,/Computers & Electronics/Computer Security,Computers & Electronics,Computer Security,
389,guim.co.uk,242080,0.00019035881,/Arts & Entertainment,Arts & Entertainment,,
390,weserv.nl,240878,0.00018941361,,,,
391,unsplash.com,239855,0.0001886092,/Arts & Entertainment/Online Media/Online Image Galleries,Arts & Entertainment,Online Media,Online Image Galleries
392,wikihow.com,239183,0.00018808076,/Reference/General Reference,Reference,General Reference,
393,slideplayer.cz,237424,0.00018669758,/Computers & Electronics/Software/Business & Productivity Software,Computers & Electronics,Software,Business & Productivity Software
394,moluna.de,235687,0.0001853317,/Arts & Entertainment,Arts & Entertainment,,
395,buecher.de,235335,0.0001850549,/Beauty & Fitness,Beauty & Fitness,,
396,medium.com,235110,0.00018487798,/People & Society,People & Society,,
397,contactmusic.com,233819,0.0001838628,/Arts & Entertainment/Music & Audio,Arts & Entertainment,Music & Audio,
398,otto.de,233247,0.00018341301,/Shopping,Shopping,,
399,jwwb.nl,232659,0.00018295065,/Arts & Entertainment/Music & Audio,Arts & Entertainment,Music & Audio,
400,ozone.ru,232295,0.00018266441,,,,
401,saxo.com,232100,0.00018251106,/Sports/Individual Sports/Cycling,Sports,Individual Sports,Cycling
402,wook.pt,231367,0.00018193468,/Books & Literature,Books & Literature,,
403,travelatacdn.ru,230920,0.00018158318,,,,
404,semrush.com,230269,0.00018107127,/Business & Industrial/Business Services,Business & Industrial,Business Services,
405,biggo.com.tw,229347,0.00018034626,/Shopping/Consumer Resources/Product Reviews & Price Comparisons,Shopping,Consumer Resources,Product Reviews & Price Comparisons
406,livejournal.com,226938,0.00017845195,/Online Communities/Blogging Resources & Services,Online Communities,Blogging Resources & Services,
407,panthermedia.net,226309,0.00017795734,/Arts & Entertainment/Online Media/Online Image Galleries,Arts & Entertainment,Online Media,Online Image Galleries
408,waterstones.com,225321,0.00017718043,/Books & Literature,Books & Literature,,
409,crmls.org,224796,0.0001767676,/Real Estate,Real Estate,,
410,neuvoo.com,223656,0.00017587116,/Jobs & Education/Jobs/Job Listings,Jobs & Education,Jobs,Job Listings
411,stat01.com,223578,0.00017580982,,,,
412,adidas.com,223367,0.0001756439,/Shopping/Apparel/Footwear,Shopping,Apparel,Footwear
413,blogs.es,222217,0.0001747396,/Online Communities,Online Communities,,
414,gaiaonline.com,222205,0.00017473018,/Online Communities/Virtual Worlds,Online Communities,Virtual Worlds,
415,line-scdn.net,222036,0.00017459728,/Arts & Entertainment,Arts & Entertainment,,
416,spartoo.com,220960,0.00017375117,/Shopping/Apparel/Footwear,Shopping,Apparel,Footwear
417,webfronts.com,218752,0.0001720149,/Business & Industrial/Business Services/E-Commerce Services,Business & Industrial,Business Services,E-Commerce Services
418,pegipegi.com,218602,0.00017189696,/Travel/Hotels & Accommodations,Travel,Hotels & Accommodations,
419,easttexasradio.com,218292,0.0001716532,/Sports,Sports,,
420,gtavicecity.ru,218014,0.00017143458,/Games/Computer & Video Games,Games,Computer & Video Games,
421,invaluable.com,217531,0.00017105479,/Shopping/Auctions,Shopping,Auctions,
422,aliyuncs.com,215714,0.000169626,,,,
423,dvipcdn.com,215382,0.00016936492,,,,
424,wheretoget.it,214927,0.00016900714,/Beauty & Fitness/Fashion & Style/Fashion Designers & Collections,Beauty & Fitness,Fashion & Style,Fashion Designers & Collections
425,paperblog.com,213975,0.00016825855,/Internet & Telecom/Email & Messaging,Internet & Telecom,Email & Messaging,
426,momoshop.com.tw,213407,0.00016781189,/Health/Oral & Dental Care,Health,Oral & Dental Care,
427,quotesgram.com,212880,0.00016739748,/Books & Literature,Books & Literature,,
428,archive.org,212727,0.00016727718,/Business & Industrial,Business & Industrial,,
429,lmcdn.ru,211971,0.0001666827,,,,
430,ning.com,210659,0.00016565101,/Online Communities,Online Communities,,
431,homedepot-static.com,210615,0.0001656164,,,,
432,ohmyprints.net,209679,0.00016488038,,,,
433,di-static.com,209649,0.0001648568,,,,
434,theurge.com,209563,0.00016478918,,,,
435,express.co.uk,208775,0.00016416952,/News,News,,
436,yatego.com,208091,0.00016363168,/Shopping,Shopping,,
437,poliris.com,207444,0.00016312292,,,,
438,offers.gallery,206974,0.00016275331,,,,
439,c-ctrip.com,206833,0.00016264245,/Travel/Air Travel,Travel,Air Travel,
440,brightspotcdn.com,206007,0.00016199293,,,,
441,shoptiques.com,205743,0.00016178533,/Shopping/Apparel,Shopping,Apparel,
442,shopserve.jp,205414,0.00016152663,/Business & Industrial,Business & Industrial,,
443,ibs.it,203252,0.00015982654,/Books & Literature,Books & Literature,,
444,cults3d.com,201157,0.00015817914,/Computers & Electronics/Computer Hardware/Computer Peripherals,Computers & Electronics,Computer Hardware,Computer Peripherals
445,amplience.net,200649,0.00015777968,,,,
446,chem17.com,199875,0.00015717104,,,,
447,jijistatic.com,198466,0.00015606309,,,,
448,bfgcdn.com,197987,0.00015568643,/Hobbies & Leisure/Outdoors/Hiking & Camping,Hobbies & Leisure,Outdoors,Hiking & Camping
449,static-homes.com,197627,0.00015540333,,,,
450,guitarcenter.com,197389,0.00015521619,/Arts & Entertainment/Music & Audio/Music Equipment & Technology,Arts & Entertainment,Music & Audio,Music Equipment & Technology
451,goo-net.com,196642,0.00015462878,/Autos & Vehicles/Vehicle Shopping/Used Vehicles,Autos & Vehicles,Vehicle Shopping,Used Vehicles
452,cinematerial.com,196390,0.00015443062,/Arts & Entertainment/Movies,Arts & Entertainment,Movies,
453,mktgcdn.com,196133,0.00015422853,,,,
454,f-cdn.com,195757,0.00015393287,,,,
455,jetphotos.com,195254,0.00015353735,/Business & Industrial/Transportation & Logistics,Business & Industrial,Transportation & Logistics,
456,dealercarsearch.com,195189,0.00015348623,/Autos & Vehicles/Vehicle Shopping,Autos & Vehicles,Vehicle Shopping,
457,indotrading.com,194617,0.00015303643,/Business & Industrial/Business Services,Business & Industrial,Business Services,
458,airplane-pictures.net,193387,0.00015206923,/Business & Industrial/Transportation & Logistics,Business & Industrial,Transportation & Logistics,
459,fbcd.co,192469,0.00015134737,/Computers & Electronics/Computer Hardware,Computers & Electronics,Computer Hardware,
460,latostadora.com,192364,0.0001512648,/Shopping/Apparel,Shopping,Apparel,
461,fishpond.com.au,192210,0.0001511437,/Shopping/Entertainment Media,Shopping,Entertainment Media,
462,bezformata.com,190804,0.00015003811,/Shopping/Apparel,Shopping,Apparel,
463,garmentory.com,190649,0.000149916215,/Shopping/Apparel,Shopping,Apparel,
464,paytm.com,190053,0.00014944755,/Internet & Telecom/Service Providers,Internet & Telecom,Service Providers,
465,ssstatic.com,190043,0.000149439685,,,,
466,instructables.com,189806,0.00014925332,/Reference/General Reference,Reference,General Reference,
467,spartoo.de,189460,0.00014898124,/Shopping/Apparel/Footwear,Shopping,Apparel,Footwear
468,scoop.it,189318,0.000148869585,/Business & Industrial,Business & Industrial,,
469,edgesuite.net,187322,0.00014730005,/Home & Garden,Home & Garden,,
470,kompas.com,186650,0.0001467716,/News,News,,
471,accessify.com,185899,0.00014618106,/Internet & Telecom/Web Services,Internet & Telecom,Web Services,
472,insider.com,185743,0.00014605841,/News/Politics,News,Politics,
473,nike.com,185367,0.00014576274,/Shopping/Apparel/Footwear,Shopping,Apparel,Footwear
474,slideplayer.biz.tr,185307,0.00014571555,/Computers & Electronics/Software/Business & Productivity Software,Computers & Electronics,Software,Business & Productivity Software
475,very.co.uk,185194,0.00014562669,/Shopping/Apparel/Women's Clothing,Shopping,Apparel,Women's Clothing
476,anobii.com,185096,0.000145549625,/Books & Literature,Books & Literature,,
477,spartoo.es,184477,0.00014506288,/Shopping/Apparel/Footwear,Shopping,Apparel,Footwear
478,autotraderspecialty.com,184250,0.00014488438,,,,
479,dunyabulteni.net,183762,0.00014450065,/News,News,,
480,domainstatic.com.au,183621,0.000144389765,/Internet & Telecom/Web Services,Internet & Telecom,Web Services,
481,getdrawings.com,183607,0.00014437877,/Arts & Entertainment/Visual Art & Design,Arts & Entertainment,Visual Art & Design,
482,xvideos-cdn.com,182824,0.00014376306,,,,
483,discogs.com,181637,0.00014282965,/Arts & Entertainment/Music & Audio,Arts & Entertainment,Music & Audio,
484,comc.com,180337,0.00014180741,/Sports/Team Sports/Baseball,Sports,Team Sports,Baseball
485,zcache.de,180314,0.00014178932,,,,
486,iclipart.com,180224,0.000141718555,/Online Communities/Online Goodies/Clip Art & Animated GIFs,Online Communities,Online Goodies,Clip Art & Animated GIFs
487,lori-images.net,179840,0.00014141659,,,,
488,statically.io,179791,0.00014137805,/Internet & Telecom/Web Services/Web Design & Development,Internet & Telecom,Web Services,Web Design & Development
489,zafcdn.com,179496,0.00014114608,,,,
490,liveauctiongroup.net,179401,0.00014107139,,,,
491,practicaldatacore.com,178993,0.00014075057,,,,
492,bhphoto.com,178903,0.00014067979,/Arts & Entertainment/Visual Art & Design/Photographic & Digital Arts,Arts & Entertainment,Visual Art & Design,Photographic & Digital Arts
493,zankyou.com,178798,0.000140597215,/Hobbies & Leisure/Special Occasions/Weddings,Hobbies & Leisure,Special Occasions,Weddings
494,r10s.com,178478,0.00014034558,,,,
495,trademarkia.com,177968,0.00013994454,/Law & Government/Legal,Law & Government,Legal,
496,afy.ru,177123,0.00013928009,/Real Estate/Real Estate Listings,Real Estate,Real Estate Listings,
497,newspaperarchive.com,176951,0.00013914483,/News,News,,
498,indianauto.com,175516,0.00013801644,/Autos & Vehicles/Vehicle Shopping/Used Vehicles,Autos & Vehicles,Vehicle Shopping,Used Vehicles
499,mlcdn.com.br,174527,0.000137238735,,,,
500,kogan.com,174286,0.00013704922,/Home & Garden,Home & Garden,,